"Date_ID","Date"
1,"1854-01-01"
2,"1854-02-01"
3,"1854-03-01"
4,"1854-04-01"
5,"1854-05-01"
6,"1854-06-01"
7,"1854-07-01"
8,"1854-08-01"
9,"1854-09-01"
10,"1854-10-01"
11,"1854-11-01"
12,"1854-12-01"
13,"1855-01-01"
14,"1855-02-01"
15,"1855-03-01"
16,"1855-04-01"
17,"1855-05-01"
18,"1855-06-01"
19,"1855-07-01"
20,"1855-08-01"
21,"1855-09-01"
22,"1855-10-01"
23,"1855-11-01"
24,"1855-12-01"
25,"1856-01-01"
26,"1856-02-01"
27,"1856-03-01"
28,"1856-04-01"
29,"1856-05-01"
30,"1856-06-01"
31,"1856-07-01"
32,"1856-08-01"
33,"1856-09-01"
34,"1856-10-01"
35,"1856-11-01"
36,"1856-12-01"
37,"1857-01-01"
38,"1857-02-01"
39,"1857-03-01"
40,"1857-04-01"
41,"1857-05-01"
42,"1857-06-01"
43,"1857-07-01"
44,"1857-08-01"
45,"1857-09-01"
46,"1857-10-01"
47,"1857-11-01"
48,"1857-12-01"
49,"1858-01-01"
50,"1858-02-01"
51,"1858-03-01"
52,"1858-04-01"
53,"1858-05-01"
54,"1858-06-01"
55,"1858-07-01"
56,"1858-08-01"
57,"1858-09-01"
58,"1858-10-01"
59,"1858-11-01"
60,"1858-12-01"
61,"1859-01-01"
62,"1859-02-01"
63,"1859-03-01"
64,"1859-04-01"
65,"1859-05-01"
66,"1859-06-01"
67,"1859-07-01"
68,"1859-08-01"
69,"1859-09-01"
70,"1859-10-01"
71,"1859-11-01"
72,"1859-12-01"
73,"1860-01-01"
74,"1860-02-01"
75,"1860-03-01"
76,"1860-04-01"
77,"1860-05-01"
78,"1860-06-01"
79,"1860-07-01"
80,"1860-08-01"
81,"1860-09-01"
82,"1860-10-01"
83,"1860-11-01"
84,"1860-12-01"
85,"1861-01-01"
86,"1861-02-01"
87,"1861-03-01"
88,"1861-04-01"
89,"1861-05-01"
90,"1861-06-01"
91,"1861-07-01"
92,"1861-08-01"
93,"1861-09-01"
94,"1861-10-01"
95,"1861-11-01"
96,"1861-12-01"
97,"1862-01-01"
98,"1862-02-01"
99,"1862-03-01"
100,"1862-04-01"
101,"1862-05-01"
102,"1862-06-01"
103,"1862-07-01"
104,"1862-08-01"
105,"1862-09-01"
106,"1862-10-01"
107,"1862-11-01"
108,"1862-12-01"
109,"1863-01-01"
110,"1863-02-01"
111,"1863-03-01"
112,"1863-04-01"
113,"1863-05-01"
114,"1863-06-01"
115,"1863-07-01"
116,"1863-08-01"
117,"1863-09-01"
118,"1863-10-01"
119,"1863-11-01"
120,"1863-12-01"
121,"1864-01-01"
122,"1864-02-01"
123,"1864-03-01"
124,"1864-04-01"
125,"1864-05-01"
126,"1864-06-01"
127,"1864-07-01"
128,"1864-08-01"
129,"1864-09-01"
130,"1864-10-01"
131,"1864-11-01"
132,"1864-12-01"
133,"1865-01-01"
134,"1865-02-01"
135,"1865-03-01"
136,"1865-04-01"
137,"1865-05-01"
138,"1865-06-01"
139,"1865-07-01"
140,"1865-08-01"
141,"1865-09-01"
142,"1865-10-01"
143,"1865-11-01"
144,"1865-12-01"
145,"1866-01-01"
146,"1866-02-01"
147,"1866-03-01"
148,"1866-04-01"
149,"1866-05-01"
150,"1866-06-01"
151,"1866-07-01"
152,"1866-08-01"
153,"1866-09-01"
154,"1866-10-01"
155,"1866-11-01"
156,"1866-12-01"
157,"1867-01-01"
158,"1867-02-01"
159,"1867-03-01"
160,"1867-04-01"
161,"1867-05-01"
162,"1867-06-01"
163,"1867-07-01"
164,"1867-08-01"
165,"1867-09-01"
166,"1867-10-01"
167,"1867-11-01"
168,"1867-12-01"
169,"1868-01-01"
170,"1868-02-01"
171,"1868-03-01"
172,"1868-04-01"
173,"1868-05-01"
174,"1868-06-01"
175,"1868-07-01"
176,"1868-08-01"
177,"1868-09-01"
178,"1868-10-01"
179,"1868-11-01"
180,"1868-12-01"
181,"1869-01-01"
182,"1869-02-01"
183,"1869-03-01"
184,"1869-04-01"
185,"1869-05-01"
186,"1869-06-01"
187,"1869-07-01"
188,"1869-08-01"
189,"1869-09-01"
190,"1869-10-01"
191,"1869-11-01"
192,"1869-12-01"
193,"1870-01-01"
194,"1870-02-01"
195,"1870-03-01"
196,"1870-04-01"
197,"1870-05-01"
198,"1870-06-01"
199,"1870-07-01"
200,"1870-08-01"
201,"1870-09-01"
202,"1870-10-01"
203,"1870-11-01"
204,"1870-12-01"
205,"1871-01-01"
206,"1871-02-01"
207,"1871-03-01"
208,"1871-04-01"
209,"1871-05-01"
210,"1871-06-01"
211,"1871-07-01"
212,"1871-08-01"
213,"1871-09-01"
214,"1871-10-01"
215,"1871-11-01"
216,"1871-12-01"
217,"1872-01-01"
218,"1872-02-01"
219,"1872-03-01"
220,"1872-04-01"
221,"1872-05-01"
222,"1872-06-01"
223,"1872-07-01"
224,"1872-08-01"
225,"1872-09-01"
226,"1872-10-01"
227,"1872-11-01"
228,"1872-12-01"
229,"1873-01-01"
230,"1873-02-01"
231,"1873-03-01"
232,"1873-04-01"
233,"1873-05-01"
234,"1873-06-01"
235,"1873-07-01"
236,"1873-08-01"
237,"1873-09-01"
238,"1873-10-01"
239,"1873-11-01"
240,"1873-12-01"
241,"1874-01-01"
242,"1874-02-01"
243,"1874-03-01"
244,"1874-04-01"
245,"1874-05-01"
246,"1874-06-01"
247,"1874-07-01"
248,"1874-08-01"
249,"1874-09-01"
250,"1874-10-01"
251,"1874-11-01"
252,"1874-12-01"
253,"1875-01-01"
254,"1875-02-01"
255,"1875-03-01"
256,"1875-04-01"
257,"1875-05-01"
258,"1875-06-01"
259,"1875-07-01"
260,"1875-08-01"
261,"1875-09-01"
262,"1875-10-01"
263,"1875-11-01"
264,"1875-12-01"
265,"1876-01-01"
266,"1876-02-01"
267,"1876-03-01"
268,"1876-04-01"
269,"1876-05-01"
270,"1876-06-01"
271,"1876-07-01"
272,"1876-08-01"
273,"1876-09-01"
274,"1876-10-01"
275,"1876-11-01"
276,"1876-12-01"
277,"1877-01-01"
278,"1877-02-01"
279,"1877-03-01"
280,"1877-04-01"
281,"1877-05-01"
282,"1877-06-01"
283,"1877-07-01"
284,"1877-08-01"
285,"1877-09-01"
286,"1877-10-01"
287,"1877-11-01"
288,"1877-12-01"
289,"1878-01-01"
290,"1878-02-01"
291,"1878-03-01"
292,"1878-04-01"
293,"1878-05-01"
294,"1878-06-01"
295,"1878-07-01"
296,"1878-08-01"
297,"1878-09-01"
298,"1878-10-01"
299,"1878-11-01"
300,"1878-12-01"
301,"1879-01-01"
302,"1879-02-01"
303,"1879-03-01"
304,"1879-04-01"
305,"1879-05-01"
306,"1879-06-01"
307,"1879-07-01"
308,"1879-08-01"
309,"1879-09-01"
310,"1879-10-01"
311,"1879-11-01"
312,"1879-12-01"
313,"1880-01-01"
314,"1880-02-01"
315,"1880-03-01"
316,"1880-04-01"
317,"1880-05-01"
318,"1880-06-01"
319,"1880-07-01"
320,"1880-08-01"
321,"1880-09-01"
322,"1880-10-01"
323,"1880-11-01"
324,"1880-12-01"
325,"1881-01-01"
326,"1881-02-01"
327,"1881-03-01"
328,"1881-04-01"
329,"1881-05-01"
330,"1881-06-01"
331,"1881-07-01"
332,"1881-08-01"
333,"1881-09-01"
334,"1881-10-01"
335,"1881-11-01"
336,"1881-12-01"
337,"1882-01-01"
338,"1882-02-01"
339,"1882-03-01"
340,"1882-04-01"
341,"1882-05-01"
342,"1882-06-01"
343,"1882-07-01"
344,"1882-08-01"
345,"1882-09-01"
346,"1882-10-01"
347,"1882-11-01"
348,"1882-12-01"
349,"1883-01-01"
350,"1883-02-01"
351,"1883-03-01"
352,"1883-04-01"
353,"1883-05-01"
354,"1883-06-01"
355,"1883-07-01"
356,"1883-08-01"
357,"1883-09-01"
358,"1883-10-01"
359,"1883-11-01"
360,"1883-12-01"
361,"1884-01-01"
362,"1884-02-01"
363,"1884-03-01"
364,"1884-04-01"
365,"1884-05-01"
366,"1884-06-01"
367,"1884-07-01"
368,"1884-08-01"
369,"1884-09-01"
370,"1884-10-01"
371,"1884-11-01"
372,"1884-12-01"
373,"1885-01-01"
374,"1885-02-01"
375,"1885-03-01"
376,"1885-04-01"
377,"1885-05-01"
378,"1885-06-01"
379,"1885-07-01"
380,"1885-08-01"
381,"1885-09-01"
382,"1885-10-01"
383,"1885-11-01"
384,"1885-12-01"
385,"1886-01-01"
386,"1886-02-01"
387,"1886-03-01"
388,"1886-04-01"
389,"1886-05-01"
390,"1886-06-01"
391,"1886-07-01"
392,"1886-08-01"
393,"1886-09-01"
394,"1886-10-01"
395,"1886-11-01"
396,"1886-12-01"
397,"1887-01-01"
398,"1887-02-01"
399,"1887-03-01"
400,"1887-04-01"
401,"1887-05-01"
402,"1887-06-01"
403,"1887-07-01"
404,"1887-08-01"
405,"1887-09-01"
406,"1887-10-01"
407,"1887-11-01"
408,"1887-12-01"
409,"1888-01-01"
410,"1888-02-01"
411,"1888-03-01"
412,"1888-04-01"
413,"1888-05-01"
414,"1888-06-01"
415,"1888-07-01"
416,"1888-08-01"
417,"1888-09-01"
418,"1888-10-01"
419,"1888-11-01"
420,"1888-12-01"
421,"1889-01-01"
422,"1889-02-01"
423,"1889-03-01"
424,"1889-04-01"
425,"1889-05-01"
426,"1889-06-01"
427,"1889-07-01"
428,"1889-08-01"
429,"1889-09-01"
430,"1889-10-01"
431,"1889-11-01"
432,"1889-12-01"
433,"1890-01-01"
434,"1890-02-01"
435,"1890-03-01"
436,"1890-04-01"
437,"1890-05-01"
438,"1890-06-01"
439,"1890-07-01"
440,"1890-08-01"
441,"1890-09-01"
442,"1890-10-01"
443,"1890-11-01"
444,"1890-12-01"
445,"1891-01-01"
446,"1891-02-01"
447,"1891-03-01"
448,"1891-04-01"
449,"1891-05-01"
450,"1891-06-01"
451,"1891-07-01"
452,"1891-08-01"
453,"1891-09-01"
454,"1891-10-01"
455,"1891-11-01"
456,"1891-12-01"
457,"1892-01-01"
458,"1892-02-01"
459,"1892-03-01"
460,"1892-04-01"
461,"1892-05-01"
462,"1892-06-01"
463,"1892-07-01"
464,"1892-08-01"
465,"1892-09-01"
466,"1892-10-01"
467,"1892-11-01"
468,"1892-12-01"
469,"1893-01-01"
470,"1893-02-01"
471,"1893-03-01"
472,"1893-04-01"
473,"1893-05-01"
474,"1893-06-01"
475,"1893-07-01"
476,"1893-08-01"
477,"1893-09-01"
478,"1893-10-01"
479,"1893-11-01"
480,"1893-12-01"
481,"1894-01-01"
482,"1894-02-01"
483,"1894-03-01"
484,"1894-04-01"
485,"1894-05-01"
486,"1894-06-01"
487,"1894-07-01"
488,"1894-08-01"
489,"1894-09-01"
490,"1894-10-01"
491,"1894-11-01"
492,"1894-12-01"
493,"1895-01-01"
494,"1895-02-01"
495,"1895-03-01"
496,"1895-04-01"
497,"1895-05-01"
498,"1895-06-01"
499,"1895-07-01"
500,"1895-08-01"
501,"1895-09-01"
502,"1895-10-01"
503,"1895-11-01"
504,"1895-12-01"
505,"1896-01-01"
506,"1896-02-01"
507,"1896-03-01"
508,"1896-04-01"
509,"1896-05-01"
510,"1896-06-01"
511,"1896-07-01"
512,"1896-08-01"
513,"1896-09-01"
514,"1896-10-01"
515,"1896-11-01"
516,"1896-12-01"
517,"1897-01-01"
518,"1897-02-01"
519,"1897-03-01"
520,"1897-04-01"
521,"1897-05-01"
522,"1897-06-01"
523,"1897-07-01"
524,"1897-08-01"
525,"1897-09-01"
526,"1897-10-01"
527,"1897-11-01"
528,"1897-12-01"
529,"1898-01-01"
530,"1898-02-01"
531,"1898-03-01"
532,"1898-04-01"
533,"1898-05-01"
534,"1898-06-01"
535,"1898-07-01"
536,"1898-08-01"
537,"1898-09-01"
538,"1898-10-01"
539,"1898-11-01"
540,"1898-12-01"
541,"1899-01-01"
542,"1899-02-01"
543,"1899-03-01"
544,"1899-04-01"
545,"1899-05-01"
546,"1899-06-01"
547,"1899-07-01"
548,"1899-08-01"
549,"1899-09-01"
550,"1899-10-01"
551,"1899-11-01"
552,"1899-12-01"
553,"1900-01-01"
554,"1900-02-01"
555,"1900-03-01"
556,"1900-04-01"
557,"1900-05-01"
558,"1900-06-01"
559,"1900-07-01"
560,"1900-08-01"
561,"1900-09-01"
562,"1900-10-01"
563,"1900-11-01"
564,"1900-12-01"
565,"1901-01-01"
566,"1901-02-01"
567,"1901-03-01"
568,"1901-04-01"
569,"1901-05-01"
570,"1901-06-01"
571,"1901-07-01"
572,"1901-08-01"
573,"1901-09-01"
574,"1901-10-01"
575,"1901-11-01"
576,"1901-12-01"
577,"1902-01-01"
578,"1902-02-01"
579,"1902-03-01"
580,"1902-04-01"
581,"1902-05-01"
582,"1902-06-01"
583,"1902-07-01"
584,"1902-08-01"
585,"1902-09-01"
586,"1902-10-01"
587,"1902-11-01"
588,"1902-12-01"
589,"1903-01-01"
590,"1903-02-01"
591,"1903-03-01"
592,"1903-04-01"
593,"1903-05-01"
594,"1903-06-01"
595,"1903-07-01"
596,"1903-08-01"
597,"1903-09-01"
598,"1903-10-01"
599,"1903-11-01"
600,"1903-12-01"
601,"1904-01-01"
602,"1904-02-01"
603,"1904-03-01"
604,"1904-04-01"
605,"1904-05-01"
606,"1904-06-01"
607,"1904-07-01"
608,"1904-08-01"
609,"1904-09-01"
610,"1904-10-01"
611,"1904-11-01"
612,"1904-12-01"
613,"1905-01-01"
614,"1905-02-01"
615,"1905-03-01"
616,"1905-04-01"
617,"1905-05-01"
618,"1905-06-01"
619,"1905-07-01"
620,"1905-08-01"
621,"1905-09-01"
622,"1905-10-01"
623,"1905-11-01"
624,"1905-12-01"
625,"1906-01-01"
626,"1906-02-01"
627,"1906-03-01"
628,"1906-04-01"
629,"1906-05-01"
630,"1906-06-01"
631,"1906-07-01"
632,"1906-08-01"
633,"1906-09-01"
634,"1906-10-01"
635,"1906-11-01"
636,"1906-12-01"
637,"1907-01-01"
638,"1907-02-01"
639,"1907-03-01"
640,"1907-04-01"
641,"1907-05-01"
642,"1907-06-01"
643,"1907-07-01"
644,"1907-08-01"
645,"1907-09-01"
646,"1907-10-01"
647,"1907-11-01"
648,"1907-12-01"
649,"1908-01-01"
650,"1908-02-01"
651,"1908-03-01"
652,"1908-04-01"
653,"1908-05-01"
654,"1908-06-01"
655,"1908-07-01"
656,"1908-08-01"
657,"1908-09-01"
658,"1908-10-01"
659,"1908-11-01"
660,"1908-12-01"
661,"1909-01-01"
662,"1909-02-01"
663,"1909-03-01"
664,"1909-04-01"
665,"1909-05-01"
666,"1909-06-01"
667,"1909-07-01"
668,"1909-08-01"
669,"1909-09-01"
670,"1909-10-01"
671,"1909-11-01"
672,"1909-12-01"
673,"1910-01-01"
674,"1910-02-01"
675,"1910-03-01"
676,"1910-04-01"
677,"1910-05-01"
678,"1910-06-01"
679,"1910-07-01"
680,"1910-08-01"
681,"1910-09-01"
682,"1910-10-01"
683,"1910-11-01"
684,"1910-12-01"
685,"1911-01-01"
686,"1911-02-01"
687,"1911-03-01"
688,"1911-04-01"
689,"1911-05-01"
690,"1911-06-01"
691,"1911-07-01"
692,"1911-08-01"
693,"1911-09-01"
694,"1911-10-01"
695,"1911-11-01"
696,"1911-12-01"
697,"1912-01-01"
698,"1912-02-01"
699,"1912-03-01"
700,"1912-04-01"
701,"1912-05-01"
702,"1912-06-01"
703,"1912-07-01"
704,"1912-08-01"
705,"1912-09-01"
706,"1912-10-01"
707,"1912-11-01"
708,"1912-12-01"
709,"1913-01-01"
710,"1913-02-01"
711,"1913-03-01"
712,"1913-04-01"
713,"1913-05-01"
714,"1913-06-01"
715,"1913-07-01"
716,"1913-08-01"
717,"1913-09-01"
718,"1913-10-01"
719,"1913-11-01"
720,"1913-12-01"
721,"1914-01-01"
722,"1914-02-01"
723,"1914-03-01"
724,"1914-04-01"
725,"1914-05-01"
726,"1914-06-01"
727,"1914-07-01"
728,"1914-08-01"
729,"1914-09-01"
730,"1914-10-01"
731,"1914-11-01"
732,"1914-12-01"
733,"1915-01-01"
734,"1915-02-01"
735,"1915-03-01"
736,"1915-04-01"
737,"1915-05-01"
738,"1915-06-01"
739,"1915-07-01"
740,"1915-08-01"
741,"1915-09-01"
742,"1915-10-01"
743,"1915-11-01"
744,"1915-12-01"
745,"1916-01-01"
746,"1916-02-01"
747,"1916-03-01"
748,"1916-04-01"
749,"1916-05-01"
750,"1916-06-01"
751,"1916-07-01"
752,"1916-08-01"
753,"1916-09-01"
754,"1916-10-01"
755,"1916-11-01"
756,"1916-12-01"
757,"1917-01-01"
758,"1917-02-01"
759,"1917-03-01"
760,"1917-04-01"
761,"1917-05-01"
762,"1917-06-01"
763,"1917-07-01"
764,"1917-08-01"
765,"1917-09-01"
766,"1917-10-01"
767,"1917-11-01"
768,"1917-12-01"
769,"1918-01-01"
770,"1918-02-01"
771,"1918-03-01"
772,"1918-04-01"
773,"1918-05-01"
774,"1918-06-01"
775,"1918-07-01"
776,"1918-08-01"
777,"1918-09-01"
778,"1918-10-01"
779,"1918-11-01"
780,"1918-12-01"
781,"1919-01-01"
782,"1919-02-01"
783,"1919-03-01"
784,"1919-04-01"
785,"1919-05-01"
786,"1919-06-01"
787,"1919-07-01"
788,"1919-08-01"
789,"1919-09-01"
790,"1919-10-01"
791,"1919-11-01"
792,"1919-12-01"
793,"1920-01-01"
794,"1920-02-01"
795,"1920-03-01"
796,"1920-04-01"
797,"1920-05-01"
798,"1920-06-01"
799,"1920-07-01"
800,"1920-08-01"
801,"1920-09-01"
802,"1920-10-01"
803,"1920-11-01"
804,"1920-12-01"
805,"1921-01-01"
806,"1921-02-01"
807,"1921-03-01"
808,"1921-04-01"
809,"1921-05-01"
810,"1921-06-01"
811,"1921-07-01"
812,"1921-08-01"
813,"1921-09-01"
814,"1921-10-01"
815,"1921-11-01"
816,"1921-12-01"
817,"1922-01-01"
818,"1922-02-01"
819,"1922-03-01"
820,"1922-04-01"
821,"1922-05-01"
822,"1922-06-01"
823,"1922-07-01"
824,"1922-08-01"
825,"1922-09-01"
826,"1922-10-01"
827,"1922-11-01"
828,"1922-12-01"
829,"1923-01-01"
830,"1923-02-01"
831,"1923-03-01"
832,"1923-04-01"
833,"1923-05-01"
834,"1923-06-01"
835,"1923-07-01"
836,"1923-08-01"
837,"1923-09-01"
838,"1923-10-01"
839,"1923-11-01"
840,"1923-12-01"
841,"1924-01-01"
842,"1924-02-01"
843,"1924-03-01"
844,"1924-04-01"
845,"1924-05-01"
846,"1924-06-01"
847,"1924-07-01"
848,"1924-08-01"
849,"1924-09-01"
850,"1924-10-01"
851,"1924-11-01"
852,"1924-12-01"
853,"1925-01-01"
854,"1925-02-01"
855,"1925-03-01"
856,"1925-04-01"
857,"1925-05-01"
858,"1925-06-01"
859,"1925-07-01"
860,"1925-08-01"
861,"1925-09-01"
862,"1925-10-01"
863,"1925-11-01"
864,"1925-12-01"
865,"1926-01-01"
866,"1926-02-01"
867,"1926-03-01"
868,"1926-04-01"
869,"1926-05-01"
870,"1926-06-01"
871,"1926-07-01"
872,"1926-08-01"
873,"1926-09-01"
874,"1926-10-01"
875,"1926-11-01"
876,"1926-12-01"
877,"1927-01-01"
878,"1927-02-01"
879,"1927-03-01"
880,"1927-04-01"
881,"1927-05-01"
882,"1927-06-01"
883,"1927-07-01"
884,"1927-08-01"
885,"1927-09-01"
886,"1927-10-01"
887,"1927-11-01"
888,"1927-12-01"
889,"1928-01-01"
890,"1928-02-01"
891,"1928-03-01"
892,"1928-04-01"
893,"1928-05-01"
894,"1928-06-01"
895,"1928-07-01"
896,"1928-08-01"
897,"1928-09-01"
898,"1928-10-01"
899,"1928-11-01"
900,"1928-12-01"
901,"1929-01-01"
902,"1929-02-01"
903,"1929-03-01"
904,"1929-04-01"
905,"1929-05-01"
906,"1929-06-01"
907,"1929-07-01"
908,"1929-08-01"
909,"1929-09-01"
910,"1929-10-01"
911,"1929-11-01"
912,"1929-12-01"
913,"1930-01-01"
914,"1930-02-01"
915,"1930-03-01"
916,"1930-04-01"
917,"1930-05-01"
918,"1930-06-01"
919,"1930-07-01"
920,"1930-08-01"
921,"1930-09-01"
922,"1930-10-01"
923,"1930-11-01"
924,"1930-12-01"
925,"1931-01-01"
926,"1931-02-01"
927,"1931-03-01"
928,"1931-04-01"
929,"1931-05-01"
930,"1931-06-01"
931,"1931-07-01"
932,"1931-08-01"
933,"1931-09-01"
934,"1931-10-01"
935,"1931-11-01"
936,"1931-12-01"
937,"1932-01-01"
938,"1932-02-01"
939,"1932-03-01"
940,"1932-04-01"
941,"1932-05-01"
942,"1932-06-01"
943,"1932-07-01"
944,"1932-08-01"
945,"1932-09-01"
946,"1932-10-01"
947,"1932-11-01"
948,"1932-12-01"
949,"1933-01-01"
950,"1933-02-01"
951,"1933-03-01"
952,"1933-04-01"
953,"1933-05-01"
954,"1933-06-01"
955,"1933-07-01"
956,"1933-08-01"
957,"1933-09-01"
958,"1933-10-01"
959,"1933-11-01"
960,"1933-12-01"
961,"1934-01-01"
962,"1934-02-01"
963,"1934-03-01"
964,"1934-04-01"
965,"1934-05-01"
966,"1934-06-01"
967,"1934-07-01"
968,"1934-08-01"
969,"1934-09-01"
970,"1934-10-01"
971,"1934-11-01"
972,"1934-12-01"
973,"1935-01-01"
974,"1935-02-01"
975,"1935-03-01"
976,"1935-04-01"
977,"1935-05-01"
978,"1935-06-01"
979,"1935-07-01"
980,"1935-08-01"
981,"1935-09-01"
982,"1935-10-01"
983,"1935-11-01"
984,"1935-12-01"
985,"1936-01-01"
986,"1936-02-01"
987,"1936-03-01"
988,"1936-04-01"
989,"1936-05-01"
990,"1936-06-01"
991,"1936-07-01"
992,"1936-08-01"
993,"1936-09-01"
994,"1936-10-01"
995,"1936-11-01"
996,"1936-12-01"
997,"1937-01-01"
998,"1937-02-01"
999,"1937-03-01"
1000,"1937-04-01"
1001,"1937-05-01"
1002,"1937-06-01"
1003,"1937-07-01"
1004,"1937-08-01"
1005,"1937-09-01"
1006,"1937-10-01"
1007,"1937-11-01"
1008,"1937-12-01"
1009,"1938-01-01"
1010,"1938-02-01"
1011,"1938-03-01"
1012,"1938-04-01"
1013,"1938-05-01"
1014,"1938-06-01"
1015,"1938-07-01"
1016,"1938-08-01"
1017,"1938-09-01"
1018,"1938-10-01"
1019,"1938-11-01"
1020,"1938-12-01"
1021,"1939-01-01"
1022,"1939-02-01"
1023,"1939-03-01"
1024,"1939-04-01"
1025,"1939-05-01"
1026,"1939-06-01"
1027,"1939-07-01"
1028,"1939-08-01"
1029,"1939-09-01"
1030,"1939-10-01"
1031,"1939-11-01"
1032,"1939-12-01"
1033,"1940-01-01"
1034,"1940-02-01"
1035,"1940-03-01"
1036,"1940-04-01"
1037,"1940-05-01"
1038,"1940-06-01"
1039,"1940-07-01"
1040,"1940-08-01"
1041,"1940-09-01"
1042,"1940-10-01"
1043,"1940-11-01"
1044,"1940-12-01"
1045,"1941-01-01"
1046,"1941-02-01"
1047,"1941-03-01"
1048,"1941-04-01"
1049,"1941-05-01"
1050,"1941-06-01"
1051,"1941-07-01"
1052,"1941-08-01"
1053,"1941-09-01"
1054,"1941-10-01"
1055,"1941-11-01"
1056,"1941-12-01"
1057,"1942-01-01"
1058,"1942-02-01"
1059,"1942-03-01"
1060,"1942-04-01"
1061,"1942-05-01"
1062,"1942-06-01"
1063,"1942-07-01"
1064,"1942-08-01"
1065,"1942-09-01"
1066,"1942-10-01"
1067,"1942-11-01"
1068,"1942-12-01"
1069,"1943-01-01"
1070,"1943-02-01"
1071,"1943-03-01"
1072,"1943-04-01"
1073,"1943-05-01"
1074,"1943-06-01"
1075,"1943-07-01"
1076,"1943-08-01"
1077,"1943-09-01"
1078,"1943-10-01"
1079,"1943-11-01"
1080,"1943-12-01"
1081,"1944-01-01"
1082,"1944-02-01"
1083,"1944-03-01"
1084,"1944-04-01"
1085,"1944-05-01"
1086,"1944-06-01"
1087,"1944-07-01"
1088,"1944-08-01"
1089,"1944-09-01"
1090,"1944-10-01"
1091,"1944-11-01"
1092,"1944-12-01"
1093,"1945-01-01"
1094,"1945-02-01"
1095,"1945-03-01"
1096,"1945-04-01"
1097,"1945-05-01"
1098,"1945-06-01"
1099,"1945-07-01"
1100,"1945-08-01"
1101,"1945-09-01"
1102,"1945-10-01"
1103,"1945-11-01"
1104,"1945-12-01"
1105,"1946-01-01"
1106,"1946-02-01"
1107,"1946-03-01"
1108,"1946-04-01"
1109,"1946-05-01"
1110,"1946-06-01"
1111,"1946-07-01"
1112,"1946-08-01"
1113,"1946-09-01"
1114,"1946-10-01"
1115,"1946-11-01"
1116,"1946-12-01"
1117,"1947-01-01"
1118,"1947-02-01"
1119,"1947-03-01"
1120,"1947-04-01"
1121,"1947-05-01"
1122,"1947-06-01"
1123,"1947-07-01"
1124,"1947-08-01"
1125,"1947-09-01"
1126,"1947-10-01"
1127,"1947-11-01"
1128,"1947-12-01"
1129,"1948-01-01"
1130,"1948-02-01"
1131,"1948-03-01"
1132,"1948-04-01"
1133,"1948-05-01"
1134,"1948-06-01"
1135,"1948-07-01"
1136,"1948-08-01"
1137,"1948-09-01"
1138,"1948-10-01"
1139,"1948-11-01"
1140,"1948-12-01"
1141,"1949-01-01"
1142,"1949-02-01"
1143,"1949-03-01"
1144,"1949-04-01"
1145,"1949-05-01"
1146,"1949-06-01"
1147,"1949-07-01"
1148,"1949-08-01"
1149,"1949-09-01"
1150,"1949-10-01"
1151,"1949-11-01"
1152,"1949-12-01"
1153,"1950-01-01"
1154,"1950-02-01"
1155,"1950-03-01"
1156,"1950-04-01"
1157,"1950-05-01"
1158,"1950-06-01"
1159,"1950-07-01"
1160,"1950-08-01"
1161,"1950-09-01"
1162,"1950-10-01"
1163,"1950-11-01"
1164,"1950-12-01"
1165,"1951-01-01"
1166,"1951-02-01"
1167,"1951-03-01"
1168,"1951-04-01"
1169,"1951-05-01"
1170,"1951-06-01"
1171,"1951-07-01"
1172,"1951-08-01"
1173,"1951-09-01"
1174,"1951-10-01"
1175,"1951-11-01"
1176,"1951-12-01"
1177,"1952-01-01"
1178,"1952-02-01"
1179,"1952-03-01"
1180,"1952-04-01"
1181,"1952-05-01"
1182,"1952-06-01"
1183,"1952-07-01"
1184,"1952-08-01"
1185,"1952-09-01"
1186,"1952-10-01"
1187,"1952-11-01"
1188,"1952-12-01"
1189,"1953-01-01"
1190,"1953-02-01"
1191,"1953-03-01"
1192,"1953-04-01"
1193,"1953-05-01"
1194,"1953-06-01"
1195,"1953-07-01"
1196,"1953-08-01"
1197,"1953-09-01"
1198,"1953-10-01"
1199,"1953-11-01"
1200,"1953-12-01"
1201,"1954-01-01"
1202,"1954-02-01"
1203,"1954-03-01"
1204,"1954-04-01"
1205,"1954-05-01"
1206,"1954-06-01"
1207,"1954-07-01"
1208,"1954-08-01"
1209,"1954-09-01"
1210,"1954-10-01"
1211,"1954-11-01"
1212,"1954-12-01"
1213,"1955-01-01"
1214,"1955-02-01"
1215,"1955-03-01"
1216,"1955-04-01"
1217,"1955-05-01"
1218,"1955-06-01"
1219,"1955-07-01"
1220,"1955-08-01"
1221,"1955-09-01"
1222,"1955-10-01"
1223,"1955-11-01"
1224,"1955-12-01"
1225,"1956-01-01"
1226,"1956-02-01"
1227,"1956-03-01"
1228,"1956-04-01"
1229,"1956-05-01"
1230,"1956-06-01"
1231,"1956-07-01"
1232,"1956-08-01"
1233,"1956-09-01"
1234,"1956-10-01"
1235,"1956-11-01"
1236,"1956-12-01"
1237,"1957-01-01"
1238,"1957-02-01"
1239,"1957-03-01"
1240,"1957-04-01"
1241,"1957-05-01"
1242,"1957-06-01"
1243,"1957-07-01"
1244,"1957-08-01"
1245,"1957-09-01"
1246,"1957-10-01"
1247,"1957-11-01"
1248,"1957-12-01"
1249,"1958-01-01"
1250,"1958-02-01"
1251,"1958-03-01"
1252,"1958-04-01"
1253,"1958-05-01"
1254,"1958-06-01"
1255,"1958-07-01"
1256,"1958-08-01"
1257,"1958-09-01"
1258,"1958-10-01"
1259,"1958-11-01"
1260,"1958-12-01"
1261,"1959-01-01"
1262,"1959-02-01"
1263,"1959-03-01"
1264,"1959-04-01"
1265,"1959-05-01"
1266,"1959-06-01"
1267,"1959-07-01"
1268,"1959-08-01"
1269,"1959-09-01"
1270,"1959-10-01"
1271,"1959-11-01"
1272,"1959-12-01"
1273,"1960-01-01"
1274,"1960-02-01"
1275,"1960-03-01"
1276,"1960-04-01"
1277,"1960-05-01"
1278,"1960-06-01"
1279,"1960-07-01"
1280,"1960-08-01"
1281,"1960-09-01"
1282,"1960-10-01"
1283,"1960-11-01"
1284,"1960-12-01"
1285,"1961-01-01"
1286,"1961-02-01"
1287,"1961-03-01"
1288,"1961-04-01"
1289,"1961-05-01"
1290,"1961-06-01"
1291,"1961-07-01"
1292,"1961-08-01"
1293,"1961-09-01"
1294,"1961-10-01"
1295,"1961-11-01"
1296,"1961-12-01"
1297,"1962-01-01"
1298,"1962-02-01"
1299,"1962-03-01"
1300,"1962-04-01"
1301,"1962-05-01"
1302,"1962-06-01"
1303,"1962-07-01"
1304,"1962-08-01"
1305,"1962-09-01"
1306,"1962-10-01"
1307,"1962-11-01"
1308,"1962-12-01"
1309,"1963-01-01"
1310,"1963-02-01"
1311,"1963-03-01"
1312,"1963-04-01"
1313,"1963-05-01"
1314,"1963-06-01"
1315,"1963-07-01"
1316,"1963-08-01"
1317,"1963-09-01"
1318,"1963-10-01"
1319,"1963-11-01"
1320,"1963-12-01"
1321,"1964-01-01"
1322,"1964-02-01"
1323,"1964-03-01"
1324,"1964-04-01"
1325,"1964-05-01"
1326,"1964-06-01"
1327,"1964-07-01"
1328,"1964-08-01"
1329,"1964-09-01"
1330,"1964-10-01"
1331,"1964-11-01"
1332,"1964-12-01"
1333,"1965-01-01"
1334,"1965-02-01"
1335,"1965-03-01"
1336,"1965-04-01"
1337,"1965-05-01"
1338,"1965-06-01"
1339,"1965-07-01"
1340,"1965-08-01"
1341,"1965-09-01"
1342,"1965-10-01"
1343,"1965-11-01"
1344,"1965-12-01"
1345,"1966-01-01"
1346,"1966-02-01"
1347,"1966-03-01"
1348,"1966-04-01"
1349,"1966-05-01"
1350,"1966-06-01"
1351,"1966-07-01"
1352,"1966-08-01"
1353,"1966-09-01"
1354,"1966-10-01"
1355,"1966-11-01"
1356,"1966-12-01"
1357,"1967-01-01"
1358,"1967-02-01"
1359,"1967-03-01"
1360,"1967-04-01"
1361,"1967-05-01"
1362,"1967-06-01"
1363,"1967-07-01"
1364,"1967-08-01"
1365,"1967-09-01"
1366,"1967-10-01"
1367,"1967-11-01"
1368,"1967-12-01"
1369,"1968-01-01"
1370,"1968-02-01"
1371,"1968-03-01"
1372,"1968-04-01"
1373,"1968-05-01"
1374,"1968-06-01"
1375,"1968-07-01"
1376,"1968-08-01"
1377,"1968-09-01"
1378,"1968-10-01"
1379,"1968-11-01"
1380,"1968-12-01"
1381,"1969-01-01"
1382,"1969-02-01"
1383,"1969-03-01"
1384,"1969-04-01"
1385,"1969-05-01"
1386,"1969-06-01"
1387,"1969-07-01"
1388,"1969-08-01"
1389,"1969-09-01"
1390,"1969-10-01"
1391,"1969-11-01"
1392,"1969-12-01"
1393,"1970-01-01"
1394,"1970-02-01"
1395,"1970-03-01"
1396,"1970-04-01"
1397,"1970-05-01"
1398,"1970-06-01"
1399,"1970-07-01"
1400,"1970-08-01"
1401,"1970-09-01"
1402,"1970-10-01"
1403,"1970-11-01"
1404,"1970-12-01"
1405,"1971-01-01"
1406,"1971-02-01"
1407,"1971-03-01"
1408,"1971-04-01"
1409,"1971-05-01"
1410,"1971-06-01"
1411,"1971-07-01"
1412,"1971-08-01"
1413,"1971-09-01"
1414,"1971-10-01"
1415,"1971-11-01"
1416,"1971-12-01"
1417,"1972-01-01"
1418,"1972-02-01"
1419,"1972-03-01"
1420,"1972-04-01"
1421,"1972-05-01"
1422,"1972-06-01"
1423,"1972-07-01"
1424,"1972-08-01"
1425,"1972-09-01"
1426,"1972-10-01"
1427,"1972-11-01"
1428,"1972-12-01"
1429,"1973-01-01"
1430,"1973-02-01"
1431,"1973-03-01"
1432,"1973-04-01"
1433,"1973-05-01"
1434,"1973-06-01"
1435,"1973-07-01"
1436,"1973-08-01"
1437,"1973-09-01"
1438,"1973-10-01"
1439,"1973-11-01"
1440,"1973-12-01"
1441,"1974-01-01"
1442,"1974-02-01"
1443,"1974-03-01"
1444,"1974-04-01"
1445,"1974-05-01"
1446,"1974-06-01"
1447,"1974-07-01"
1448,"1974-08-01"
1449,"1974-09-01"
1450,"1974-10-01"
1451,"1974-11-01"
1452,"1974-12-01"
1453,"1975-01-01"
1454,"1975-02-01"
1455,"1975-03-01"
1456,"1975-04-01"
1457,"1975-05-01"
1458,"1975-06-01"
1459,"1975-07-01"
1460,"1975-08-01"
1461,"1975-09-01"
1462,"1975-10-01"
1463,"1975-11-01"
1464,"1975-12-01"
1465,"1976-01-01"
1466,"1976-02-01"
1467,"1976-03-01"
1468,"1976-04-01"
1469,"1976-05-01"
1470,"1976-06-01"
1471,"1976-07-01"
1472,"1976-08-01"
1473,"1976-09-01"
1474,"1976-10-01"
1475,"1976-11-01"
1476,"1976-12-01"
1477,"1977-01-01"
1478,"1977-02-01"
1479,"1977-03-01"
1480,"1977-04-01"
1481,"1977-05-01"
1482,"1977-06-01"
1483,"1977-07-01"
1484,"1977-08-01"
1485,"1977-09-01"
1486,"1977-10-01"
1487,"1977-11-01"
1488,"1977-12-01"
1489,"1978-01-01"
1490,"1978-02-01"
1491,"1978-03-01"
1492,"1978-04-01"
1493,"1978-05-01"
1494,"1978-06-01"
1495,"1978-07-01"
1496,"1978-08-01"
1497,"1978-09-01"
1498,"1978-10-01"
1499,"1978-11-01"
1500,"1978-12-01"
1501,"1979-01-01"
1502,"1979-02-01"
1503,"1979-03-01"
1504,"1979-04-01"
1505,"1979-05-01"
1506,"1979-06-01"
1507,"1979-07-01"
1508,"1979-08-01"
1509,"1979-09-01"
1510,"1979-10-01"
1511,"1979-11-01"
1512,"1979-12-01"
1513,"1980-01-01"
1514,"1980-02-01"
1515,"1980-03-01"
1516,"1980-04-01"
1517,"1980-05-01"
1518,"1980-06-01"
1519,"1980-07-01"
1520,"1980-08-01"
1521,"1980-09-01"
1522,"1980-10-01"
1523,"1980-11-01"
1524,"1980-12-01"
1525,"1981-01-01"
1526,"1981-02-01"
1527,"1981-03-01"
1528,"1981-04-01"
1529,"1981-05-01"
1530,"1981-06-01"
1531,"1981-07-01"
1532,"1981-08-01"
1533,"1981-09-01"
1534,"1981-10-01"
1535,"1981-11-01"
1536,"1981-12-01"
1537,"1982-01-01"
1538,"1982-02-01"
1539,"1982-03-01"
1540,"1982-04-01"
1541,"1982-05-01"
1542,"1982-06-01"
1543,"1982-07-01"
1544,"1982-08-01"
1545,"1982-09-01"
1546,"1982-10-01"
1547,"1982-11-01"
1548,"1982-12-01"
1549,"1983-01-01"
1550,"1983-02-01"
1551,"1983-03-01"
1552,"1983-04-01"
1553,"1983-05-01"
1554,"1983-06-01"
1555,"1983-07-01"
1556,"1983-08-01"
1557,"1983-09-01"
1558,"1983-10-01"
1559,"1983-11-01"
1560,"1983-12-01"
1561,"1984-01-01"
1562,"1984-02-01"
1563,"1984-03-01"
1564,"1984-04-01"
1565,"1984-05-01"
1566,"1984-06-01"
1567,"1984-07-01"
1568,"1984-08-01"
1569,"1984-09-01"
1570,"1984-10-01"
1571,"1984-11-01"
1572,"1984-12-01"
1573,"1985-01-01"
1574,"1985-02-01"
1575,"1985-03-01"
1576,"1985-04-01"
1577,"1985-05-01"
1578,"1985-06-01"
1579,"1985-07-01"
1580,"1985-08-01"
1581,"1985-09-01"
1582,"1985-10-01"
1583,"1985-11-01"
1584,"1985-12-01"
1585,"1986-01-01"
1586,"1986-02-01"
1587,"1986-03-01"
1588,"1986-04-01"
1589,"1986-05-01"
1590,"1986-06-01"
1591,"1986-07-01"
1592,"1986-08-01"
1593,"1986-09-01"
1594,"1986-10-01"
1595,"1986-11-01"
1596,"1986-12-01"
1597,"1987-01-01"
1598,"1987-02-01"
1599,"1987-03-01"
1600,"1987-04-01"
1601,"1987-05-01"
1602,"1987-06-01"
1603,"1987-07-01"
1604,"1987-08-01"
1605,"1987-09-01"
1606,"1987-10-01"
1607,"1987-11-01"
1608,"1987-12-01"
1609,"1988-01-01"
1610,"1988-02-01"
1611,"1988-03-01"
1612,"1988-04-01"
1613,"1988-05-01"
1614,"1988-06-01"
1615,"1988-07-01"
1616,"1988-08-01"
1617,"1988-09-01"
1618,"1988-10-01"
1619,"1988-11-01"
1620,"1988-12-01"
1621,"1989-01-01"
1622,"1989-02-01"
1623,"1989-03-01"
1624,"1989-04-01"
1625,"1989-05-01"
1626,"1989-06-01"
1627,"1989-07-01"
1628,"1989-08-01"
1629,"1989-09-01"
1630,"1989-10-01"
1631,"1989-11-01"
1632,"1989-12-01"
1633,"1990-01-01"
1634,"1990-02-01"
1635,"1990-03-01"
1636,"1990-04-01"
1637,"1990-05-01"
1638,"1990-06-01"
1639,"1990-07-01"
1640,"1990-08-01"
1641,"1990-09-01"
1642,"1990-10-01"
1643,"1990-11-01"
1644,"1990-12-01"
1645,"1991-01-01"
1646,"1991-02-01"
1647,"1991-03-01"
1648,"1991-04-01"
1649,"1991-05-01"
1650,"1991-06-01"
1651,"1991-07-01"
1652,"1991-08-01"
1653,"1991-09-01"
1654,"1991-10-01"
1655,"1991-11-01"
1656,"1991-12-01"
1657,"1992-01-01"
1658,"1992-02-01"
1659,"1992-03-01"
1660,"1992-04-01"
1661,"1992-05-01"
1662,"1992-06-01"
1663,"1992-07-01"
1664,"1992-08-01"
1665,"1992-09-01"
1666,"1992-10-01"
1667,"1992-11-01"
1668,"1992-12-01"
1669,"1993-01-01"
1670,"1993-02-01"
1671,"1993-03-01"
1672,"1993-04-01"
1673,"1993-05-01"
1674,"1993-06-01"
1675,"1993-07-01"
1676,"1993-08-01"
1677,"1993-09-01"
1678,"1993-10-01"
1679,"1993-11-01"
1680,"1993-12-01"
1681,"1994-01-01"
1682,"1994-02-01"
1683,"1994-03-01"
1684,"1994-04-01"
1685,"1994-05-01"
1686,"1994-06-01"
1687,"1994-07-01"
1688,"1994-08-01"
1689,"1994-09-01"
1690,"1994-10-01"
1691,"1994-11-01"
1692,"1994-12-01"
1693,"1995-01-01"
1694,"1995-02-01"
1695,"1995-03-01"
1696,"1995-04-01"
1697,"1995-05-01"
1698,"1995-06-01"
1699,"1995-07-01"
1700,"1995-08-01"
1701,"1995-09-01"
1702,"1995-10-01"
1703,"1995-11-01"
1704,"1995-12-01"
1705,"1996-01-01"
1706,"1996-02-01"
1707,"1996-03-01"
1708,"1996-04-01"
1709,"1996-05-01"
1710,"1996-06-01"
1711,"1996-07-01"
1712,"1996-08-01"
1713,"1996-09-01"
1714,"1996-10-01"
1715,"1996-11-01"
1716,"1996-12-01"
1717,"1997-01-01"
1718,"1997-02-01"
1719,"1997-03-01"
1720,"1997-04-01"
1721,"1997-05-01"
1722,"1997-06-01"
1723,"1997-07-01"
1724,"1997-08-01"
1725,"1997-09-01"
1726,"1997-10-01"
1727,"1997-11-01"
1728,"1997-12-01"
1729,"1998-01-01"
1730,"1998-02-01"
1731,"1998-03-01"
1732,"1998-04-01"
1733,"1998-05-01"
1734,"1998-06-01"
1735,"1998-07-01"
1736,"1998-08-01"
1737,"1998-09-01"
1738,"1998-10-01"
1739,"1998-11-01"
1740,"1998-12-01"
1741,"1999-01-01"
1742,"1999-02-01"
1743,"1999-03-01"
1744,"1999-04-01"
1745,"1999-05-01"
1746,"1999-06-01"
1747,"1999-07-01"
1748,"1999-08-01"
1749,"1999-09-01"
1750,"1999-10-01"
1751,"1999-11-01"
1752,"1999-12-01"
1753,"2000-01-01"
1754,"2000-02-01"
1755,"2000-03-01"
1756,"2000-04-01"
1757,"2000-05-01"
1758,"2000-06-01"
1759,"2000-07-01"
1760,"2000-08-01"
1761,"2000-09-01"
1762,"2000-10-01"
1763,"2000-11-01"
1764,"2000-12-01"
1765,"2001-01-01"
1766,"2001-02-01"
1767,"2001-03-01"
1768,"2001-04-01"
1769,"2001-05-01"
1770,"2001-06-01"
1771,"2001-07-01"
1772,"2001-08-01"
1773,"2001-09-01"
1774,"2001-10-01"
1775,"2001-11-01"
1776,"2001-12-01"
1777,"2002-01-01"
1778,"2002-02-01"
1779,"2002-03-01"
1780,"2002-04-01"
1781,"2002-05-01"
1782,"2002-06-01"
1783,"2002-07-01"
1784,"2002-08-01"
1785,"2002-09-01"
1786,"2002-10-01"
1787,"2002-11-01"
1788,"2002-12-01"
1789,"2003-01-01"
1790,"2003-02-01"
1791,"2003-03-01"
1792,"2003-04-01"
1793,"2003-05-01"
1794,"2003-06-01"
1795,"2003-07-01"
1796,"2003-08-01"
1797,"2003-09-01"
1798,"2003-10-01"
1799,"2003-11-01"
1800,"2003-12-01"
1801,"2004-01-01"
1802,"2004-02-01"
1803,"2004-03-01"
1804,"2004-04-01"
1805,"2004-05-01"
1806,"2004-06-01"
1807,"2004-07-01"
1808,"2004-08-01"
1809,"2004-09-01"
1810,"2004-10-01"
1811,"2004-11-01"
1812,"2004-12-01"
1813,"2005-01-01"
1814,"2005-02-01"
1815,"2005-03-01"
1816,"2005-04-01"
1817,"2005-05-01"
1818,"2005-06-01"
1819,"2005-07-01"
1820,"2005-08-01"
1821,"2005-09-01"
1822,"2005-10-01"
1823,"2005-11-01"
1824,"2005-12-01"
1825,"2006-01-01"
1826,"2006-02-01"
1827,"2006-03-01"
1828,"2006-04-01"
1829,"2006-05-01"
1830,"2006-06-01"
1831,"2006-07-01"
1832,"2006-08-01"
1833,"2006-09-01"
1834,"2006-10-01"
1835,"2006-11-01"
1836,"2006-12-01"
1837,"2007-01-01"
1838,"2007-02-01"
1839,"2007-03-01"
1840,"2007-04-01"
1841,"2007-05-01"
1842,"2007-06-01"
1843,"2007-07-01"
1844,"2007-08-01"
1845,"2007-09-01"
1846,"2007-10-01"
1847,"2007-11-01"
1848,"2007-12-01"
1849,"2008-01-01"
1850,"2008-02-01"
1851,"2008-03-01"
1852,"2008-04-01"
1853,"2008-05-01"
1854,"2008-06-01"
1855,"2008-07-01"
1856,"2008-08-01"
1857,"2008-09-01"
1858,"2008-10-01"
1859,"2008-11-01"
1860,"2008-12-01"
1861,"2009-01-01"
1862,"2009-02-01"
1863,"2009-03-01"
1864,"2009-04-01"
1865,"2009-05-01"
1866,"2009-06-01"
1867,"2009-07-01"
1868,"2009-08-01"
1869,"2009-09-01"
1870,"2009-10-01"
1871,"2009-11-01"
1872,"2009-12-01"
1873,"2010-01-01"
1874,"2010-02-01"
1875,"2010-03-01"
1876,"2010-04-01"
1877,"2010-05-01"
1878,"2010-06-01"
1879,"2010-07-01"
1880,"2010-08-01"
1881,"2010-09-01"
1882,"2010-10-01"
1883,"2010-11-01"
1884,"2010-12-01"
1885,"2011-01-01"
1886,"2011-02-01"
1887,"2011-03-01"
1888,"2011-04-01"
1889,"2011-05-01"
1890,"2011-06-01"
1891,"2011-07-01"
1892,"2011-08-01"
1893,"2011-09-01"
1894,"2011-10-01"
1895,"2011-11-01"
1896,"2011-12-01"
1897,"2012-01-01"
1898,"2012-02-01"
1899,"2012-03-01"
1900,"2012-04-01"
1901,"2012-05-01"
1902,"2012-06-01"
1903,"2012-07-01"
1904,"2012-08-01"
1905,"2012-09-01"
1906,"2012-10-01"
1907,"2012-11-01"
1908,"2012-12-01"
1909,"2013-01-01"
1910,"2013-02-01"
1911,"2013-03-01"
1912,"2013-04-01"
1913,"2013-05-01"
1914,"2013-06-01"
1915,"2013-07-01"
1916,"2013-08-01"
1917,"2013-09-01"
1918,"2013-10-01"
1919,"2013-11-01"
1920,"2013-12-01"
1921,"2014-01-01"
1922,"2014-02-01"
1923,"2014-03-01"
1924,"2014-04-01"
1925,"2014-05-01"
1926,"2014-06-01"
1927,"2014-07-01"
1928,"2014-08-01"
1929,"2014-09-01"
1930,"2014-10-01"
1931,"2014-11-01"
1932,"2014-12-01"
1933,"2015-01-01"
1934,"2015-02-01"
1935,"2015-03-01"
1936,"2015-04-01"
1937,"2015-05-01"
1938,"2015-06-01"
1939,"2015-07-01"
1940,"2015-08-01"
1941,"2015-09-01"
1942,"2015-10-01"
1943,"2015-11-01"
1944,"2015-12-01"
1945,"2016-01-01"
1946,"2016-02-01"
1947,"2016-03-01"
1948,"2016-04-01"
1949,"2016-05-01"
1950,"2016-06-01"
1951,"2016-07-01"
1952,"2016-08-01"
1953,"2016-09-01"
1954,"2016-10-01"
1955,"2016-11-01"
1956,"2016-12-01"
1957,"2017-01-01"
1958,"2017-02-01"
1959,"2017-03-01"
1960,"2017-04-01"
1961,"2017-05-01"
1962,"2017-06-01"
1963,"2017-07-01"
1964,"2017-08-01"
1965,"2017-09-01"
1966,"2017-10-01"
1967,"2017-11-01"
1968,"2017-12-01"
1969,"2018-01-01"
1970,"2018-02-01"
1971,"2018-03-01"
1972,"2018-04-01"
1973,"2018-05-01"
1974,"2018-06-01"
1975,"2018-07-01"
1976,"2018-08-01"
1977,"2018-09-01"
1978,"2018-10-01"
1979,"2018-11-01"
1980,"2018-12-01"
1981,"2019-01-01"
1982,"2019-02-01"
1983,"2019-03-01"
1984,"2019-04-01"
1985,"2019-05-01"
1986,"2019-06-01"
1987,"2019-07-01"
1988,"2019-08-01"
1989,"2019-09-01"
1990,"2019-10-01"
1991,"2019-11-01"
1992,"2019-12-01"
1993,"2020-01-01"
1994,"2020-02-01"
1995,"2020-03-01"
1996,"2020-04-01"
1997,"2020-05-01"
1998,"2020-06-01"
1999,"2020-07-01"
2000,"2020-08-01"
2001,"2020-09-01"
2002,"2020-10-01"
2003,"2020-11-01"
2004,"2020-12-01"
2005,"2021-01-01"
2006,"2021-02-01"
2007,"2021-03-01"
2008,"2021-04-01"
2009,"2021-05-01"
2010,"2021-06-01"
2011,"2021-07-01"
2012,"2021-08-01"
2013,"2021-09-01"
2014,"2021-10-01"
2015,"2021-11-01"
2016,"2021-12-01"
2017,"2022-01-01"
